seed,width,height,c,child,a,adult,abp,adultBackpack,adult-backpack,ab,bike,e,exits,o,obstacles,heuristic,layout,conflict1,conflict2,conflict3,conflict4,max[Child],max[Adult],max[AdultBackpack],max[AdultBike],max[Obstacle],max[Exit],width_i,width_ii,total_exit_time,avg_exit_time,avg_collisions_total,total_avg_occ_all_time,total_eval,evaluation_metric
100,50,50,10,10,10,10,10,10,10,0,0,1,1,0,0,euclidean,Randomized,ChooseRandomMove-3,ChooseDifferentExit-6,NullConflictStrategy-9,NullConflictStrategy-12,10,10,10,0,0,1,50,50,50,28.7,0.866666667,20.731519,-0.083443088,8.835147665
101,50,50,10,10,10,10,10,10,10,0,0,1,1,0,0,euclidean,Randomized,ChooseRandomMove-3,ChooseDifferentExit-6,NullConflictStrategy-9,NullConflictStrategy-12,10,10,10,0,0,1,50,50,50,26.73333333,0.966666667,19.00627884,-0.071098679,8.693721158
102,50,50,10,10,10,10,10,10,10,0,0,1,1,0,0,euclidean,Randomized,ChooseRandomMove-3,ChooseDifferentExit-6,NullConflictStrategy-9,NullConflictStrategy-12,10,10,10,0,0,1,50,50,49,30.23333333,0.6,15.84563581,-0.041052044,14.98769752
103,50,50,10,10,10,10,10,10,10,0,0,1,1,0,0,euclidean,Randomized,ChooseRandomMove-3,ChooseDifferentExit-6,NullConflictStrategy-9,NullConflictStrategy-12,10,10,10,0,0,1,50,50,48,27.5,0.9,22.27015055,-0.066959621,6.129849447
104,50,50,10,10,10,10,10,10,10,0,0,1,1,0,0,euclidean,Randomized,ChooseRandomMove-3,ChooseDifferentExit-6,NullConflictStrategy-9,NullConflictStrategy-12,10,10,10,0,0,1,50,50,47,25.56666667,0.5,22.51612207,-0.060498042,3.550544599
105,50,50,10,10,10,10,10,10,10,0,0,1,1,0,0,euclidean,Randomized,ChooseRandomMove-3,ChooseDifferentExit-6,NullConflictStrategy-9,NullConflictStrategy-12,10,10,10,0,0,1,50,50,54,33.13333333,1.733333333,18.71345456,-0.045083654,16.15321211
106,50,50,10,10,10,10,10,10,10,0,0,1,1,0,0,euclidean,Randomized,ChooseRandomMove-3,ChooseDifferentExit-6,NullConflictStrategy-9,NullConflictStrategy-12,10,10,10,0,0,1,50,50,49,29.26666667,0.433333333,17.98919842,-0.060140577,11.71080158
107,50,50,10,10,10,10,10,10,10,0,0,1,1,0,0,euclidean,Randomized,ChooseRandomMove-3,ChooseDifferentExit-6,NullConflictStrategy-9,NullConflictStrategy-12,10,10,10,0,0,1,50,50,48,28.1,1.166666667,17.3945405,#NAME?,11.87212617
108,50,50,10,10,10,10,10,10,10,0,0,1,1,0,0,euclidean,Randomized,ChooseRandomMove-3,ChooseDifferentExit-6,NullConflictStrategy-9,NullConflictStrategy-12,10,10,10,0,0,1,50,50,49,29.83333333,1.2,21.1634506,-0.056481873,9.869882732
109,50,50,10,10,10,10,10,10,10,0,0,1,1,0,0,euclidean,Randomized,ChooseRandomMove-3,ChooseDifferentExit-6,NullConflictStrategy-9,NullConflictStrategy-12,10,10,10,0,0,1,50,50,52,29.46666667,0.6,22.30348764,-0.060449569,7.763179028
110,50,50,10,10,10,10,10,10,10,0,0,1,1,0,0,euclidean,Randomized,ChooseRandomMove-3,ChooseDifferentExit-6,NullConflictStrategy-9,NullConflictStrategy-12,10,10,10,0,0,1,50,50,55,37.56666667,1.933333333,15.88355417,-0.020654413,23.61644583
111,50,50,10,10,10,10,10,10,10,0,0,1,1,0,0,euclidean,Randomized,ChooseRandomMove-3,ChooseDifferentExit-6,NullConflictStrategy-9,NullConflictStrategy-12,10,10,10,0,0,1,50,50,53,26.6,1.433333333,22.57204729,-0.058300703,5.461286041
112,50,50,10,10,10,10,10,10,10,0,0,1,1,0,0,euclidean,Randomized,ChooseRandomMove-3,ChooseDifferentExit-6,NullConflictStrategy-9,NullConflictStrategy-12,10,10,10,0,0,1,50,50,54,28.03333333,2.066666667,18.56439678,-0.04418027,11.53560322
113,50,50,10,10,10,10,10,10,10,0,0,1,1,0,0,euclidean,Randomized,ChooseRandomMove-3,ChooseDifferentExit-6,NullConflictStrategy-9,NullConflictStrategy-12,10,10,10,0,0,1,50,50,52,31.66666667,1.066666667,23.25669772,-0.055912541,9.476635613
114,50,50,10,10,10,10,10,10,10,0,0,1,1,0,0,euclidean,Randomized,ChooseRandomMove-3,ChooseDifferentExit-6,NullConflictStrategy-9,NullConflictStrategy-12,10,10,10,0,0,1,50,50,49,27.56666667,0.766666667,24.16480589,-0.053692408,4.168527446
115,50,50,10,10,10,10,10,10,10,0,0,1,1,0,0,euclidean,Randomized,ChooseRandomMove-3,ChooseDifferentExit-6,NullConflictStrategy-9,NullConflictStrategy-12,10,10,10,0,0,1,50,50,52,33.33333333,0.866666667,20.62461459,-0.04433593,13.57538541
116,50,50,10,10,10,10,10,10,10,0,0,1,1,0,0,euclidean,Randomized,ChooseRandomMove-3,ChooseDifferentExit-6,NullConflictStrategy-9,NullConflictStrategy-12,10,10,10,0,0,1,50,50,53,30.66666667,0.633333333,19.26529691,-0.068010924,12.03470309
117,50,50,10,10,10,10,10,10,10,0,0,1,1,0,0,euclidean,Randomized,ChooseRandomMove-3,ChooseDifferentExit-6,NullConflictStrategy-9,NullConflictStrategy-12,10,10,10,0,0,1,50,50,50,29.33333333,1.7,20.94428896,-0.036872743,10.08904438
118,50,50,10,10,10,10,10,10,10,0,0,1,1,0,0,euclidean,Randomized,ChooseRandomMove-3,ChooseDifferentExit-6,NullConflictStrategy-9,NullConflictStrategy-12,10,10,10,0,0,1,50,50,49,30.83333333,1.133333333,28.4836634,-0.061791095,3.48300327
119,50,50,10,10,10,10,10,10,10,0,0,1,1,0,0,euclidean,Randomized,ChooseRandomMove-3,ChooseDifferentExit-6,NullConflictStrategy-9,NullConflictStrategy-12,10,10,10,0,0,1,50,50,50,32.36666667,1,14.66353086,-0.059977055,18.70313581
120,50,50,10,10,10,10,10,10,10,0,0,1,1,0,0,euclidean,Randomized,ChooseRandomMove-3,ChooseDifferentExit-6,NullConflictStrategy-9,NullConflictStrategy-12,10,10,10,0,0,1,50,50,47,26.1,0.933333333,27.68646906,#NAME?,-0.653135723
121,50,50,10,10,10,10,10,10,10,0,0,1,1,0,0,euclidean,Randomized,ChooseRandomMove-3,ChooseDifferentExit-6,NullConflictStrategy-9,NullConflictStrategy-12,10,10,10,0,0,1,50,50,49,30.03333333,1.333333333,20.53880413,#NAME?,10.82786254
122,50,50,10,10,10,10,10,10,10,0,0,1,1,0,0,euclidean,Randomized,ChooseRandomMove-3,ChooseDifferentExit-6,NullConflictStrategy-9,NullConflictStrategy-12,10,10,10,0,0,1,50,50,50,24.46666667,0.6,23.20856363,-0.074585597,1.858103032
123,50,50,10,10,10,10,10,10,10,0,0,1,1,0,0,euclidean,Randomized,ChooseRandomMove-3,ChooseDifferentExit-6,NullConflictStrategy-9,NullConflictStrategy-12,10,10,10,0,0,1,50,50,50,29.23333333,1.2,20.26794515,-0.057058432,10.16538818
124,50,50,10,10,10,10,10,10,10,0,0,1,1,0,0,euclidean,Randomized,ChooseRandomMove-3,ChooseDifferentExit-6,NullConflictStrategy-9,NullConflictStrategy-12,10,10,10,0,0,1,50,50,56,31.33333333,1.533333333,18.0779432,-0.052037283,14.78872347
125,50,50,10,10,10,10,10,10,10,0,0,1,1,0,0,euclidean,Randomized,ChooseRandomMove-3,ChooseDifferentExit-6,NullConflictStrategy-9,NullConflictStrategy-12,10,10,10,0,0,1,50,50,57,35.06666667,1.666666667,23.9934595,-0.034791833,12.73987383
126,50,50,10,10,10,10,10,10,10,0,0,1,1,0,0,euclidean,Randomized,ChooseRandomMove-3,ChooseDifferentExit-6,NullConflictStrategy-9,NullConflictStrategy-12,10,10,10,0,0,1,50,50,53,27.63333333,1.033333333,28.27118671,-0.050759049,0.395479959
127,50,50,10,10,10,10,10,10,10,0,0,1,1,0,0,euclidean,Randomized,ChooseRandomMove-3,ChooseDifferentExit-6,NullConflictStrategy-9,NullConflictStrategy-12,10,10,10,0,0,1,50,50,49,26.66666667,1.5,25.61935798,-0.046376662,2.547308682
128,50,50,10,10,10,10,10,10,10,0,0,1,1,0,0,euclidean,Randomized,ChooseRandomMove-3,ChooseDifferentExit-6,NullConflictStrategy-9,NullConflictStrategy-12,10,10,10,0,0,1,50,50,55,33.03333333,2.233333333,23.76844852,-0.0553459,11.49821815
129,50,50,10,10,10,10,10,10,10,0,0,1,1,0,0,euclidean,Randomized,ChooseRandomMove-3,ChooseDifferentExit-6,NullConflictStrategy-9,NullConflictStrategy-12,10,10,10,0,0,1,50,50,59,34,3.3,18.34980347,-0.035527877,18.95019653
130,50,50,10,10,10,10,10,10,10,0,0,1,1,0,0,euclidean,Randomized,ChooseRandomMove-3,ChooseDifferentExit-6,NullConflictStrategy-9,NullConflictStrategy-12,10,10,10,0,0,1,50,50,49,28.76666667,0.7,16.41077382,-0.045868002,13.05589284
131,50,50,10,10,10,10,10,10,10,0,0,1,1,0,0,euclidean,Randomized,ChooseRandomMove-3,ChooseDifferentExit-6,NullConflictStrategy-9,NullConflictStrategy-12,10,10,10,0,0,1,50,50,54,29.1,0.9,17.10735939,-0.096049833,12.89264061
132,50,50,10,10,10,10,10,10,10,0,0,1,1,0,0,euclidean,Randomized,ChooseRandomMove-3,ChooseDifferentExit-6,NullConflictStrategy-9,NullConflictStrategy-12,10,10,10,0,0,1,50,50,54,31.83333333,3.666666667,23.50263212,-0.029574979,11.99736788
133,50,50,10,10,10,10,10,10,10,0,0,1,1,0,0,euclidean,Randomized,ChooseRandomMove-3,ChooseDifferentExit-6,NullConflictStrategy-9,NullConflictStrategy-12,10,10,10,0,0,1,50,50,52,31.86666667,0.8,24.06028289,-0.055882792,8.606383781
134,50,50,10,10,10,10,10,10,10,0,0,1,1,0,0,euclidean,Randomized,ChooseRandomMove-3,ChooseDifferentExit-6,NullConflictStrategy-9,NullConflictStrategy-12,10,10,10,0,0,1,50,50,53,35.86666667,0.833333333,19.38850354,-0.037094771,17.31149646
135,50,50,10,10,10,10,10,10,10,0,0,1,1,0,0,euclidean,Randomized,ChooseRandomMove-3,ChooseDifferentExit-6,NullConflictStrategy-9,NullConflictStrategy-12,10,10,10,0,0,1,50,50,61,40.5,2.8,17.77312299,-0.018865884,25.52687701
136,50,50,10,10,10,10,10,10,10,0,0,1,1,0,0,euclidean,Randomized,ChooseRandomMove-3,ChooseDifferentExit-6,NullConflictStrategy-9,NullConflictStrategy-12,10,10,10,0,0,1,50,50,58,30.9,2.4,14.51698529,-0.049830302,18.78301471
137,50,50,10,10,10,10,10,10,10,0,0,1,1,0,0,euclidean,Randomized,ChooseRandomMove-3,ChooseDifferentExit-6,NullConflictStrategy-9,NullConflictStrategy-12,10,10,10,0,0,1,50,50,53,27.76666667,1.433333333,17.9375471,-0.058419074,11.2624529
138,50,50,10,10,10,10,10,10,10,0,0,1,1,0,0,euclidean,Randomized,ChooseRandomMove-3,ChooseDifferentExit-6,NullConflictStrategy-9,NullConflictStrategy-12,10,10,10,0,0,1,50,50,46,30.9,0.933333333,21.04820107,-0.034785483,10.78513227
139,50,50,10,10,10,10,10,10,10,0,0,1,1,0,0,euclidean,Randomized,ChooseRandomMove-3,ChooseDifferentExit-6,NullConflictStrategy-9,NullConflictStrategy-12,10,10,10,0,0,1,50,50,46,24.23333333,1.166666667,24.4461553,-0.084809154,0.953844696
140,50,50,10,10,10,10,10,10,10,0,0,1,1,0,0,euclidean,Randomized,ChooseRandomMove-3,ChooseDifferentExit-6,NullConflictStrategy-9,NullConflictStrategy-12,10,10,10,0,0,1,50,50,53,24.2,1.3,18.52072011,-0.069810399,6.979279889
141,50,50,10,10,10,10,10,10,10,0,0,1,1,0,0,euclidean,Randomized,ChooseRandomMove-3,ChooseDifferentExit-6,NullConflictStrategy-9,NullConflictStrategy-12,10,10,10,0,0,1,50,50,51,33.23333333,1.166666667,22.37204505,-0.03902893,12.02795495
142,50,50,10,10,10,10,10,10,10,0,0,1,1,0,0,euclidean,Randomized,ChooseRandomMove-3,ChooseDifferentExit-6,NullConflictStrategy-9,NullConflictStrategy-12,10,10,10,0,0,1,50,50,49,27.83333333,0.5,22.89304335,-0.043526133,5.440289984
143,50,50,10,10,10,10,10,10,10,0,0,1,1,0,0,euclidean,Randomized,ChooseRandomMove-3,ChooseDifferentExit-6,NullConflictStrategy-9,NullConflictStrategy-12,10,10,10,0,0,1,50,50,56,31.9,2.133333333,18.09319312,-0.053098111,15.94014021
144,50,50,10,10,10,10,10,10,10,0,0,1,1,0,0,euclidean,Randomized,ChooseRandomMove-3,ChooseDifferentExit-6,NullConflictStrategy-9,NullConflictStrategy-12,10,10,10,0,0,1,50,50,57,32.5,2.4,16.76525568,-0.049230193,18.13474432
145,50,50,10,10,10,10,10,10,10,0,0,1,1,0,0,euclidean,Randomized,ChooseRandomMove-3,ChooseDifferentExit-6,NullConflictStrategy-9,NullConflictStrategy-12,10,10,10,0,0,1,50,50,50,31.36666667,1.066666667,23.07098359,-0.038242747,9.362349743
146,50,50,10,10,10,10,10,10,10,0,0,1,1,0,0,euclidean,Randomized,ChooseRandomMove-3,ChooseDifferentExit-6,NullConflictStrategy-9,NullConflictStrategy-12,10,10,10,0,0,1,50,50,56,31.4,2.233333333,19.08318149,-0.066458072,14.55015184
147,50,50,10,10,10,10,10,10,10,0,0,1,1,0,0,euclidean,Randomized,ChooseRandomMove-3,ChooseDifferentExit-6,NullConflictStrategy-9,NullConflictStrategy-12,10,10,10,0,0,1,50,50,53,29.76666667,1.633333333,16.89886944,-0.040214195,14.50113056
148,50,50,10,10,10,10,10,10,10,0,0,1,1,0,0,euclidean,Randomized,ChooseRandomMove-3,ChooseDifferentExit-6,NullConflictStrategy-9,NullConflictStrategy-12,10,10,10,0,0,1,50,50,53,28.43333333,1.066666667,28.15651841,-0.060717718,1.343481588
149,50,50,10,10,10,10,10,10,10,0,0,1,1,0,0,euclidean,Randomized,ChooseRandomMove-3,ChooseDifferentExit-6,NullConflictStrategy-9,NullConflictStrategy-12,10,10,10,0,0,1,50,50,51,29.46666667,2.133333333,19.55599746,-0.036247101,12.04400254
150,50,50,10,10,10,10,10,10,10,0,0,1,1,0,0,euclidean,Randomized,ChooseRandomMove-3,ChooseDifferentExit-6,NullConflictStrategy-9,NullConflictStrategy-12,10,10,10,0,0,1,50,50,50,22.83333333,0.6,22.15358357,-0.070408226,1.279749767
151,50,50,10,10,10,10,10,10,10,0,0,1,1,0,0,euclidean,Randomized,ChooseRandomMove-3,ChooseDifferentExit-6,NullConflictStrategy-9,NullConflictStrategy-12,10,10,10,0,0,1,50,50,51,25.3,0.6,27.84303079,-0.065653906,-1.943030791
152,50,50,10,10,10,10,10,10,10,0,0,1,1,0,0,euclidean,Randomized,ChooseRandomMove-3,ChooseDifferentExit-6,NullConflictStrategy-9,NullConflictStrategy-12,10,10,10,0,0,1,50,50,50,27.4,0.5,21.33044372,-0.058543543,6.569556278
153,50,50,10,10,10,10,10,10,10,0,0,1,1,0,0,euclidean,Randomized,ChooseRandomMove-3,ChooseDifferentExit-6,NullConflictStrategy-9,NullConflictStrategy-12,10,10,10,0,0,1,50,50,50,30.3,1.266666667,23.35873313,-0.066346953,8.207933532
154,50,50,10,10,10,10,10,10,10,0,0,1,1,0,0,euclidean,Randomized,ChooseRandomMove-3,ChooseDifferentExit-6,NullConflictStrategy-9,NullConflictStrategy-12,10,10,10,0,0,1,50,50,58,33.86666667,4.5,18.84516141,-0.026121014,19.52150526
155,50,50,10,10,10,10,10,10,10,0,0,1,1,0,0,euclidean,Randomized,ChooseRandomMove-3,ChooseDifferentExit-6,NullConflictStrategy-9,NullConflictStrategy-12,10,10,10,0,0,1,50,50,48,31.16666667,0.6,19.14962851,-0.04489201,12.61703815
156,50,50,10,10,10,10,10,10,10,0,0,1,1,0,0,euclidean,Randomized,ChooseRandomMove-3,ChooseDifferentExit-6,NullConflictStrategy-9,NullConflictStrategy-12,10,10,10,0,0,1,50,50,52,28.2,0.666666667,21.28467218,-0.063164288,7.581994491
157,50,50,10,10,10,10,10,10,10,0,0,1,1,0,0,euclidean,Randomized,ChooseRandomMove-3,ChooseDifferentExit-6,NullConflictStrategy-9,NullConflictStrategy-12,10,10,10,0,0,1,50,50,52,28.86666667,1.166666667,20.87716043,-0.059397149,9.156172906
158,50,50,10,10,10,10,10,10,10,0,0,1,1,0,0,euclidean,Randomized,ChooseRandomMove-3,ChooseDifferentExit-6,NullConflictStrategy-9,NullConflictStrategy-12,10,10,10,0,0,1,50,50,49,24.93333333,0.6,15.8807885,#NAME?,9.652544835
159,50,50,10,10,10,10,10,10,10,0,0,1,1,0,0,euclidean,Randomized,ChooseRandomMove-3,ChooseDifferentExit-6,NullConflictStrategy-9,NullConflictStrategy-12,10,10,10,0,0,1,50,50,50,26.36666667,0.433333333,22.62260292,-0.067555976,4.177397079
160,50,50,10,10,10,10,10,10,10,0,0,1,1,0,0,euclidean,Randomized,ChooseRandomMove-3,ChooseDifferentExit-6,NullConflictStrategy-9,NullConflictStrategy-12,10,10,10,0,0,1,50,50,50,25.93333333,1,17.13768262,-0.051078467,9.795650716
161,50,50,10,10,10,10,10,10,10,0,0,1,1,0,0,euclidean,Randomized,ChooseRandomMove-3,ChooseDifferentExit-6,NullConflictStrategy-9,NullConflictStrategy-12,10,10,10,0,0,1,50,50,52,29.73333333,1.333333333,20.54723942,-0.045635756,10.51942725
162,50,50,10,10,10,10,10,10,10,0,0,1,1,0,0,euclidean,Randomized,ChooseRandomMove-3,ChooseDifferentExit-6,NullConflictStrategy-9,NullConflictStrategy-12,10,10,10,0,0,1,50,50,49,23.83333333,0.9,29.31324307,-0.060067161,-4.579909736
163,50,50,10,10,10,10,10,10,10,0,0,1,1,0,0,euclidean,Randomized,ChooseRandomMove-3,ChooseDifferentExit-6,NullConflictStrategy-9,NullConflictStrategy-12,10,10,10,0,0,1,50,50,46,26.83333333,0.966666667,23.04947518,-0.071332834,4.75052482
164,50,50,10,10,10,10,10,10,10,0,0,1,1,0,0,euclidean,Randomized,ChooseRandomMove-3,ChooseDifferentExit-6,NullConflictStrategy-9,NullConflictStrategy-12,10,10,10,0,0,1,50,50,50,26.26666667,0.766666667,18.23115611,-0.088596126,8.802177219
165,50,50,10,10,10,10,10,10,10,0,0,1,1,0,0,euclidean,Randomized,ChooseRandomMove-3,ChooseDifferentExit-6,NullConflictStrategy-9,NullConflictStrategy-12,10,10,10,0,0,1,50,50,50,29.2,0.833333333,20.11303102,-0.076959864,9.920302312
166,50,50,10,10,10,10,10,10,10,0,0,1,1,0,0,euclidean,Randomized,ChooseRandomMove-3,ChooseDifferentExit-6,NullConflictStrategy-9,NullConflictStrategy-12,10,10,10,0,0,1,50,50,51,26.7,1.166666667,15.76832366,-0.046198945,12.09834301
167,50,50,10,10,10,10,10,10,10,0,0,1,1,0,0,euclidean,Randomized,ChooseRandomMove-3,ChooseDifferentExit-6,NullConflictStrategy-9,NullConflictStrategy-12,10,10,10,0,0,1,50,50,53,31.13333333,1.466666667,24.94902987,-0.044283996,7.650970128
168,50,50,10,10,10,10,10,10,10,0,0,1,1,0,0,euclidean,Randomized,ChooseRandomMove-3,ChooseDifferentExit-6,NullConflictStrategy-9,NullConflictStrategy-12,10,10,10,0,0,1,50,50,51,30.06666667,1.066666667,25.0793391,-0.054945218,6.053994231
169,50,50,10,10,10,10,10,10,10,0,0,1,1,0,0,euclidean,Randomized,ChooseRandomMove-3,ChooseDifferentExit-6,NullConflictStrategy-9,NullConflictStrategy-12,10,10,10,0,0,1,50,50,51,35.23333333,0.833333333,19.05039793,-0.034693082,17.01626873
170,50,50,10,10,10,10,10,10,10,0,0,1,1,0,0,euclidean,Randomized,ChooseRandomMove-3,ChooseDifferentExit-6,NullConflictStrategy-9,NullConflictStrategy-12,10,10,10,0,0,1,50,50,47,30.23333333,1.4,23.13458802,-0.050230719,8.498745311
171,50,50,10,10,10,10,10,10,10,0,0,1,1,0,0,euclidean,Randomized,ChooseRandomMove-3,ChooseDifferentExit-6,NullConflictStrategy-9,NullConflictStrategy-12,10,10,10,0,0,1,50,50,45,23.43333333,0.933333333,26.01996097,-0.053037134,-1.653294299
172,50,50,10,10,10,10,10,10,10,0,0,1,1,0,0,euclidean,Randomized,ChooseRandomMove-3,ChooseDifferentExit-6,NullConflictStrategy-9,NullConflictStrategy-12,10,10,10,0,0,1,50,50,57,32.5,3.533333333,21.17715547,#NAME?,14.85617787
173,50,50,10,10,10,10,10,10,10,0,0,1,1,0,0,euclidean,Randomized,ChooseRandomMove-3,ChooseDifferentExit-6,NullConflictStrategy-9,NullConflictStrategy-12,10,10,10,0,0,1,50,50,51,33.7,1.766666667,19.23551888,-0.037156967,16.23114779
174,50,50,10,10,10,10,10,10,10,0,0,1,1,0,0,euclidean,Randomized,ChooseRandomMove-3,ChooseDifferentExit-6,NullConflictStrategy-9,NullConflictStrategy-12,10,10,10,0,0,1,50,50,52,31.6,1.333333333,22.99924707,-0.033161902,9.934086259
175,50,50,10,10,10,10,10,10,10,0,0,1,1,0,0,euclidean,Randomized,ChooseRandomMove-3,ChooseDifferentExit-6,NullConflictStrategy-9,NullConflictStrategy-12,10,10,10,0,0,1,50,50,46,25.7,0.833333333,21.39834594,-0.069375859,5.134987389
176,50,50,10,10,10,10,10,10,10,0,0,1,1,0,0,euclidean,Randomized,ChooseRandomMove-3,ChooseDifferentExit-6,NullConflictStrategy-9,NullConflictStrategy-12,10,10,10,0,0,1,50,50,54,28.83333333,1.566666667,25.84419119,-0.077947956,4.555808806
177,50,50,10,10,10,10,10,10,10,0,0,1,1,0,0,euclidean,Randomized,ChooseRandomMove-3,ChooseDifferentExit-6,NullConflictStrategy-9,NullConflictStrategy-12,10,10,10,0,0,1,50,50,50,23.86666667,0.633333333,24.24887394,-0.058597101,0.251126062
178,50,50,10,10,10,10,10,10,10,0,0,1,1,0,0,euclidean,Randomized,ChooseRandomMove-3,ChooseDifferentExit-6,NullConflictStrategy-9,NullConflictStrategy-12,10,10,10,0,0,1,50,50,57,28.43333333,1.266666667,24.32127234,-0.052837575,5.378727657
179,50,50,10,10,10,10,10,10,10,0,0,1,1,0,0,euclidean,Randomized,ChooseRandomMove-3,ChooseDifferentExit-6,NullConflictStrategy-9,NullConflictStrategy-12,10,10,10,0,0,1,50,50,54,30.03333333,1.266666667,19.51713377,#NAME?,11.78286623
180,50,50,10,10,10,10,10,10,10,0,0,1,1,0,0,euclidean,Randomized,ChooseRandomMove-3,ChooseDifferentExit-6,NullConflictStrategy-9,NullConflictStrategy-12,10,10,10,0,0,1,50,50,54,35.43333333,3.466666667,17.76169123,-0.029121312,21.13830877
181,50,50,10,10,10,10,10,10,10,0,0,1,1,0,0,euclidean,Randomized,ChooseRandomMove-3,ChooseDifferentExit-6,NullConflictStrategy-9,NullConflictStrategy-12,10,10,10,0,0,1,50,50,49,35.1,1.133333333,18.06570211,-0.036864715,18.16763122
182,50,50,10,10,10,10,10,10,10,0,0,1,1,0,0,euclidean,Randomized,ChooseRandomMove-3,ChooseDifferentExit-6,NullConflictStrategy-9,NullConflictStrategy-12,10,10,10,0,0,1,50,50,51,27.5,2.566666667,15.90010461,-0.066124654,14.16656206
183,50,50,10,10,10,10,10,10,10,0,0,1,1,0,0,euclidean,Randomized,ChooseRandomMove-3,ChooseDifferentExit-6,NullConflictStrategy-9,NullConflictStrategy-12,10,10,10,0,0,1,50,50,48,25.8,1.666666667,15.2777989,#NAME?,12.18886776
184,50,50,10,10,10,10,10,10,10,0,0,1,1,0,0,euclidean,Randomized,ChooseRandomMove-3,ChooseDifferentExit-6,NullConflictStrategy-9,NullConflictStrategy-12,10,10,10,0,0,1,50,50,51,30.76666667,2.233333333,15.87704805,-0.04415076,17.12295195
185,50,50,10,10,10,10,10,10,10,0,0,1,1,0,0,euclidean,Randomized,ChooseRandomMove-3,ChooseDifferentExit-6,NullConflictStrategy-9,NullConflictStrategy-12,10,10,10,0,0,1,50,50,48,24.1,0.733333333,24.08365858,-0.066233377,0.749674752
186,50,50,10,10,10,10,10,10,10,0,0,1,1,0,0,euclidean,Randomized,ChooseRandomMove-3,ChooseDifferentExit-6,NullConflictStrategy-9,NullConflictStrategy-12,10,10,10,0,0,1,50,50,49,28.16666667,0.6,26.61607147,-0.066659106,2.150595196
187,50,50,10,10,10,10,10,10,10,0,0,1,1,0,0,euclidean,Randomized,ChooseRandomMove-3,ChooseDifferentExit-6,NullConflictStrategy-9,NullConflictStrategy-12,10,10,10,0,0,1,50,50,47,25.33333333,0.733333333,27.28330029,-0.097125359,-1.216633627
188,50,50,10,10,10,10,10,10,10,0,0,1,1,0,0,euclidean,Randomized,ChooseRandomMove-3,ChooseDifferentExit-6,NullConflictStrategy-9,NullConflictStrategy-12,10,10,10,0,0,1,50,50,54,31.83333333,1.466666667,22.85336943,-0.046525824,10.44663057
189,50,50,10,10,10,10,10,10,10,0,0,1,1,0,0,euclidean,Randomized,ChooseRandomMove-3,ChooseDifferentExit-6,NullConflictStrategy-9,NullConflictStrategy-12,10,10,10,0,0,1,50,50,48,24.8,0.333333333,19.73679947,-0.085349599,5.396533866
190,50,50,10,10,10,10,10,10,10,0,0,1,1,0,0,euclidean,Randomized,ChooseRandomMove-3,ChooseDifferentExit-6,NullConflictStrategy-9,NullConflictStrategy-12,10,10,10,0,0,1,50,50,49,30.46666667,1,19.07369564,-0.04330641,12.39297103
191,50,50,10,10,10,10,10,10,10,0,0,1,1,0,0,euclidean,Randomized,ChooseRandomMove-3,ChooseDifferentExit-6,NullConflictStrategy-9,NullConflictStrategy-12,10,10,10,0,0,1,50,50,49,32.8,1.533333333,16.42429766,-0.035231463,17.90903567
192,50,50,10,10,10,10,10,10,10,0,0,1,1,0,0,euclidean,Randomized,ChooseRandomMove-3,ChooseDifferentExit-6,NullConflictStrategy-9,NullConflictStrategy-12,10,10,10,0,0,1,50,50,53,29.76666667,1.2,24.08330416,#NAME?,6.883362508
193,50,50,10,10,10,10,10,10,10,0,0,1,1,0,0,euclidean,Randomized,ChooseRandomMove-3,ChooseDifferentExit-6,NullConflictStrategy-9,NullConflictStrategy-12,10,10,10,0,0,1,50,50,50,28.06666667,0.633333333,18.85049414,-0.04695271,9.849505858
194,50,50,10,10,10,10,10,10,10,0,0,1,1,0,0,euclidean,Randomized,ChooseRandomMove-3,ChooseDifferentExit-6,NullConflictStrategy-9,NullConflictStrategy-12,10,10,10,0,0,1,50,50,47,28.33333333,1,19.45138891,-0.062614605,9.881944423
195,50,50,10,10,10,10,10,10,10,0,0,1,1,0,0,euclidean,Randomized,ChooseRandomMove-3,ChooseDifferentExit-6,NullConflictStrategy-9,NullConflictStrategy-12,10,10,10,0,0,1,50,50,48,30.5,1.066666667,21.95195227,-0.045673191,9.614714393
196,50,50,10,10,10,10,10,10,10,0,0,1,1,0,0,euclidean,Randomized,ChooseRandomMove-3,ChooseDifferentExit-6,NullConflictStrategy-9,NullConflictStrategy-12,10,10,10,0,0,1,50,50,51,32.03333333,3.6,14.52097484,-0.047586404,21.11235849
197,50,50,10,10,10,10,10,10,10,0,0,1,1,0,0,euclidean,Randomized,ChooseRandomMove-3,ChooseDifferentExit-6,NullConflictStrategy-9,NullConflictStrategy-12,10,10,10,0,0,1,50,50,53,28.06666667,0.7,23.21952288,-0.046946705,5.547143785
198,50,50,10,10,10,10,10,10,10,0,0,1,1,0,0,euclidean,Randomized,ChooseRandomMove-3,ChooseDifferentExit-6,NullConflictStrategy-9,NullConflictStrategy-12,10,10,10,0,0,1,50,50,49,24.63333333,0.566666667,28.33418227,-0.065291757,-3.134182273
199,50,50,10,10,10,10,10,10,10,0,0,1,1,0,0,euclidean,Randomized,ChooseRandomMove-3,ChooseDifferentExit-6,NullConflictStrategy-9,NullConflictStrategy-12,10,10,10,0,0,1,50,50,44,24.06666667,1.433333333,21.68919234,-0.066492146,3.81080766
